_id,startTimeWorkflowStart,endTimeWorkflowStart,roundTripTimeWorkflowStart,startTimeWorkflowEnd,endTimeWorkflowEnd,roundTripTimeWorkflowEnd,provider,concurrentFunctions,execution,functionName,functionCount,workflow_id,function_id,region,roundTripTime,endTime,startTime,details,succeed
67054fc099111f0082065bf6,2024-10-08 15:29:01.934,2024-10-08 15:29:01.934,0,2024-10-08 15:29:01.934,2024-10-08 15:29:03.879,1945,GCP,1,1,TestFunction,1,1728401341938,67054fc099111f0082065bf7,us-east4,1043,2024-10-08 15:29:03.775,2024-10-08 15:29:02.732,"{'input_file_size': {'value': 3000, 'is_valid': True}, 'input_file_characters': {'value': 3000, 'is_valid': True}, 'language': {'value': 'en-US', 'is_valid': True}, 'test_collection_of_int': {'value': ['1', '2', '4'], 'is_valid': False}, 'test_collection_of_string': {'value': ['3', '3', '5'], 'is_valid': True}, 'test_collection_of_bool': {'value': ['true', 'false', 'true'], 'is_valid': False}}",False
67054fc2787e5677f0ac00e7,2024-10-08 15:29:05.079,2024-10-08 15:29:05.079,0,2024-10-08 15:29:05.079,2024-10-08 15:29:06.605,1526,GCP,1,1,TestFunction,1,1728401345080,67054fc2787e5677f0ac00e8,us-west1,670,2024-10-08 15:29:06.521,2024-10-08 15:29:05.851,"{'input_file_size': {'value': 3000, 'is_valid': True}, 'input_file_characters': {'value': 3000, 'is_valid': True}, 'language': {'value': 'en-US', 'is_valid': True}, 'test_collection_of_int': {'value': ['1', '2', '4'], 'is_valid': False}, 'test_collection_of_string': {'value': ['3', '3', '5'], 'is_valid': True}, 'test_collection_of_bool': {'value': ['true', 'false', 'true'], 'is_valid': False}}",False
67054fc50601144e55496b64,2024-10-08 15:29:07.855,2024-10-08 15:29:07.855,0,2024-10-08 15:29:07.855,2024-10-08 15:29:09.563,1708,GCP,1,2,TestFunction,1,1728401347857,67054fc50601144e55496b65,us-west1,713,2024-10-08 15:29:09.357,2024-10-08 15:29:08.644,"{'input_file_size': {'value': 3000, 'is_valid': True}, 'input_file_characters': {'value': 3000, 'is_valid': True}, 'language': {'value': 'en-US', 'is_valid': True}, 'test_collection_of_int': {'value': ['1', '2', '4'], 'is_valid': False}, 'test_collection_of_string': {'value': ['3', '3', '5'], 'is_valid': True}, 'test_collection_of_bool': {'value': ['true', 'false', 'true'], 'is_valid': False}}",False
67054fc80fc4226252baf47a,2024-10-08 15:29:10.585,2024-10-08 15:29:10.585,0,2024-10-08 15:29:10.585,2024-10-08 15:29:12.254,1669,GCP,1,3,TestFunction,1,1728401350588,67054fc80fc4226252baf47b,us-west1,702,2024-10-08 15:29:12.146,2024-10-08 15:29:11.444,"{'input_file_size': {'value': 3000, 'is_valid': True}, 'input_file_characters': {'value': 3000, 'is_valid': True}, 'language': {'value': 'en-US', 'is_valid': True}, 'test_collection_of_int': {'value': ['1', '2', '4'], 'is_valid': False}, 'test_collection_of_string': {'value': ['3', '3', '5'], 'is_valid': True}, 'test_collection_of_bool': {'value': ['true', 'false', 'true'], 'is_valid': False}}",False
67054fcb1f71ca1bccfcc936,2024-10-08 15:29:13.253,2024-10-08 15:29:13.253,0,2024-10-08 15:29:13.253,2024-10-08 15:29:14.930,1677,GCP,1,4,TestFunction,1,1728401353254,67054fcb1f71ca1bccfcc937,us-west1,822,2024-10-08 15:29:14.841,2024-10-08 15:29:14.019,"{'input_file_size': {'value': 3000, 'is_valid': True}, 'input_file_characters': {'value': 3000, 'is_valid': True}, 'language': {'value': 'en-US', 'is_valid': True}, 'test_collection_of_int': {'value': ['1', '2', '4'], 'is_valid': False}, 'test_collection_of_string': {'value': ['3', '3', '5'], 'is_valid': True}, 'test_collection_of_bool': {'value': ['true', 'false', 'true'], 'is_valid': False}}",False
670550c9d8cf0c0b6ca7d329,2024-10-08 15:33:27.560,2024-10-08 15:33:27.560,0,2024-10-08 15:33:27.560,2024-10-08 15:33:29.169,1609,GCP,1,1,TestFunction,1,1728401607562,670550c9d8cf0c0b6ca7d32a,us-east4,742,2024-10-08 15:33:29.083,2024-10-08 15:33:28.341,"{'input_file_size': {'value': 3000, 'is_valid': True}, 'input_file_characters': {'value': 3000, 'is_valid': True}, 'language': {'value': 'en-US', 'is_valid': True}, 'test_collection_of_int': {'value': [['1'], ['2'], ['4']], 'is_valid': False}, 'test_collection_of_string': {'value': ['3', '3', '5'], 'is_valid': True}, 'test_collection_of_bool': {'value': ['true', 'false', 'true'], 'is_valid': False}}",False
670550ccda8c4c5d82f3b148,2024-10-08 15:33:30.276,2024-10-08 15:33:30.276,0,2024-10-08 15:33:30.276,2024-10-08 15:33:31.877,1601,GCP,1,1,TestFunction,1,1728401610278,670550ccda8c4c5d82f3b149,us-west1,762,2024-10-08 15:33:31.787,2024-10-08 15:33:31.025,"{'input_file_size': {'value': 3000, 'is_valid': True}, 'input_file_characters': {'value': 3000, 'is_valid': True}, 'language': {'value': 'en-US', 'is_valid': True}, 'test_collection_of_int': {'value': ['1', '2', '4'], 'is_valid': False}, 'test_collection_of_string': {'value': ['3', '3', '5'], 'is_valid': True}, 'test_collection_of_bool': {'value': ['true', 'false', 'true'], 'is_valid': False}}",False
670550cf4a53455b9994b218,2024-10-08 15:33:32.932,2024-10-08 15:33:32.932,0,2024-10-08 15:33:32.932,2024-10-08 15:33:34.788,1856,GCP,1,2,TestFunction,1,1728401612934,670550cf4a53455b9994b219,us-west1,1005,2024-10-08 15:33:34.706,2024-10-08 15:33:33.701,"{'input_file_size': {'value': 3000, 'is_valid': True}, 'input_file_characters': {'value': 3000, 'is_valid': True}, 'language': {'value': 'en-US', 'is_valid': True}, 'test_collection_of_int': {'value': ['1', '2', '4'], 'is_valid': False}, 'test_collection_of_string': {'value': ['3', '3', '5'], 'is_valid': True}, 'test_collection_of_bool': {'value': ['true', 'false', 'true'], 'is_valid': False}}",False
670550d1c8376855abf4f4d7,2024-10-08 15:33:35.866,2024-10-08 15:33:35.866,0,2024-10-08 15:33:35.866,2024-10-08 15:33:37.425,1559,GCP,1,3,TestFunction,1,1728401615868,670550d1c8376855abf4f4d8,us-west1,626,2024-10-08 15:33:37.325,2024-10-08 15:33:36.699,"{'input_file_size': {'value': 3000, 'is_valid': True}, 'input_file_characters': {'value': 3000, 'is_valid': True}, 'language': {'value': 'en-US', 'is_valid': True}, 'test_collection_of_int': {'value': ['1', '2', '4'], 'is_valid': False}, 'test_collection_of_string': {'value': ['3', '3', '5'], 'is_valid': True}, 'test_collection_of_bool': {'value': ['true', 'false', 'true'], 'is_valid': False}}",False
670550d4d558905148e9b75f,2024-10-08 15:33:38.666,2024-10-08 15:33:38.666,0,2024-10-08 15:33:38.666,2024-10-08 15:33:40.272,1606,GCP,1,4,TestFunction,1,1728401618667,670550d4d558905148e9b760,us-west1,722,2024-10-08 15:33:40.180,2024-10-08 15:33:39.458,"{'input_file_size': {'value': 3000, 'is_valid': True}, 'input_file_characters': {'value': 3000, 'is_valid': True}, 'language': {'value': 'en-US', 'is_valid': True}, 'test_collection_of_int': {'value': ['1', '2', '4'], 'is_valid': False}, 'test_collection_of_string': {'value': ['3', '3', '5'], 'is_valid': True}, 'test_collection_of_bool': {'value': ['true', 'false', 'true'], 'is_valid': False}}",False
67055128d964cb34fb1dd355,2024-10-08 15:35:02.698,2024-10-08 15:35:02.698,0,2024-10-08 15:35:02.698,2024-10-08 15:35:04.484,1786,GCP,3,1,TestFunction,3,1728401702700,67055128d964cb34fb1dd356,us-east4,772,2024-10-08 15:35:04.338,2024-10-08 15:35:03.566,"{'input_file_size': {'value': 3000, 'is_valid': True}, 'input_file_characters': {'value': 3000, 'is_valid': True}, 'language': {'value': 'en-US', 'is_valid': True}, 'test_collection_of_int': {'value': [['1'], ['2'], ['4']], 'is_valid': False}, 'test_collection_of_string': {'value': ['3', '3', '5'], 'is_valid': True}, 'test_collection_of_bool': {'value': ['true', 'false', 'true'], 'is_valid': False}}",False
67055128d964cb34fb1dd355,2024-10-08 15:35:02.698,2024-10-08 15:35:02.698,0,2024-10-08 15:35:02.698,2024-10-08 15:35:04.484,1786,GCP,3,1,TestFunction,3,1728401702700,67055128d964cb34fb1dd357,us-east4,773,2024-10-08 15:35:04.338,2024-10-08 15:35:03.565,"{'input_file_size': {'value': 3000, 'is_valid': True}, 'input_file_characters': {'value': 3000, 'is_valid': True}, 'language': {'value': 'en-US', 'is_valid': True}, 'test_collection_of_int': {'value': [['1'], ['2'], ['4']], 'is_valid': False}, 'test_collection_of_string': {'value': ['3', '3', '5'], 'is_valid': True}, 'test_collection_of_bool': {'value': ['true', 'false', 'true'], 'is_valid': False}}",False
67055128d964cb34fb1dd355,2024-10-08 15:35:02.698,2024-10-08 15:35:02.698,0,2024-10-08 15:35:02.698,2024-10-08 15:35:04.484,1786,GCP,3,1,TestFunction,3,1728401702700,67055128d964cb34fb1dd358,us-east4,806,2024-10-08 15:35:04.372,2024-10-08 15:35:03.566,"{'input_file_size': {'value': 3000, 'is_valid': True}, 'input_file_characters': {'value': 3000, 'is_valid': True}, 'language': {'value': 'en-US', 'is_valid': True}, 'test_collection_of_int': {'value': [['1'], ['2'], ['4']], 'is_valid': False}, 'test_collection_of_string': {'value': ['3', '3', '5'], 'is_valid': True}, 'test_collection_of_bool': {'value': ['true', 'false', 'true'], 'is_valid': False}}",False
6705512c28023c77bca2cf54,2024-10-08 15:35:05.823,2024-10-08 15:35:05.823,0,2024-10-08 15:35:05.823,2024-10-08 15:35:08.017,2194,GCP,1,1,TestFunction,1,1728401705826,6705512c28023c77bca2cf55,us-west1,843,2024-10-08 15:35:07.896,2024-10-08 15:35:07.053,"{'input_file_size': {'value': 3000, 'is_valid': True}, 'input_file_characters': {'value': 3000, 'is_valid': True}, 'language': {'value': 'en-US', 'is_valid': True}, 'test_collection_of_int': {'value': ['1', '2', '4'], 'is_valid': False}, 'test_collection_of_string': {'value': ['3', '3', '5'], 'is_valid': True}, 'test_collection_of_bool': {'value': ['true', 'false', 'true'], 'is_valid': False}}",False
6705512f2edca76f293bb9ff,2024-10-08 15:35:09.238,2024-10-08 15:35:09.238,0,2024-10-08 15:35:09.238,2024-10-08 15:35:10.815,1577,GCP,1,2,TestFunction,1,1728401709240,6705512f2edca76f293bba00,us-west1,759,2024-10-08 15:35:10.723,2024-10-08 15:35:09.964,"{'input_file_size': {'value': 3000, 'is_valid': True}, 'input_file_characters': {'value': 3000, 'is_valid': True}, 'language': {'value': 'en-US', 'is_valid': True}, 'test_collection_of_int': {'value': ['1', '2', '4'], 'is_valid': False}, 'test_collection_of_string': {'value': ['3', '3', '5'], 'is_valid': True}, 'test_collection_of_bool': {'value': ['true', 'false', 'true'], 'is_valid': False}}",False
67055132aab8453a2bf01cd5,2024-10-08 15:35:12.135,2024-10-08 15:35:12.135,0,2024-10-08 15:35:12.135,2024-10-08 15:35:13.802,1667,GCP,1,3,TestFunction,1,1728401712137,67055132aab8453a2bf01cd6,us-west1,770,2024-10-08 15:35:13.706,2024-10-08 15:35:12.936,"{'input_file_size': {'value': 3000, 'is_valid': True}, 'input_file_characters': {'value': 3000, 'is_valid': True}, 'language': {'value': 'en-US', 'is_valid': True}, 'test_collection_of_int': {'value': ['1', '2', '4'], 'is_valid': False}, 'test_collection_of_string': {'value': ['3', '3', '5'], 'is_valid': True}, 'test_collection_of_bool': {'value': ['true', 'false', 'true'], 'is_valid': False}}",False
67055134df6a406cfa8faeef,2024-10-08 15:35:15.043,2024-10-08 15:35:15.043,0,2024-10-08 15:35:15.043,2024-10-08 15:35:16.612,1569,GCP,1,4,TestFunction,1,1728401715044,67055134df6a406cfa8faef0,us-west1,703,2024-10-08 15:35:16.535,2024-10-08 15:35:15.832,"{'input_file_size': {'value': 3000, 'is_valid': True}, 'input_file_characters': {'value': 3000, 'is_valid': True}, 'language': {'value': 'en-US', 'is_valid': True}, 'test_collection_of_int': {'value': ['1', '2', '4'], 'is_valid': False}, 'test_collection_of_string': {'value': ['3', '3', '5'], 'is_valid': True}, 'test_collection_of_bool': {'value': ['true', 'false', 'true'], 'is_valid': False}}",False
670551754ba5c8428b7b2fb2,2024-10-08 15:36:19.419,2024-10-08 15:36:19.419,0,2024-10-08 15:36:19.419,2024-10-08 15:36:20.882,1463,GCP,3,1,TestFunction,3,1728401779420,670551754ba5c8428b7b2fb3,us-east4,564,2024-10-08 15:36:20.784,2024-10-08 15:36:20.220,"{'input_file_size': {'value': 3000, 'is_valid': True}, 'input_file_characters': {'value': 3000, 'is_valid': True}, 'language': {'value': 'en-US', 'is_valid': True}, 'test_collection_of_int': {'value': [['1'], ['2'], ['4']], 'is_valid': False}, 'test_collection_of_string': {'value': ['3', '3', '5'], 'is_valid': True}, 'test_collection_of_bool': {'value': '[true,false,true]', 'is_valid': False}}",False
670551754ba5c8428b7b2fb2,2024-10-08 15:36:19.419,2024-10-08 15:36:19.419,0,2024-10-08 15:36:19.419,2024-10-08 15:36:20.882,1463,GCP,3,1,TestFunction,3,1728401779420,670551754ba5c8428b7b2fb4,us-east4,565,2024-10-08 15:36:20.785,2024-10-08 15:36:20.220,"{'input_file_size': {'value': 3000, 'is_valid': True}, 'input_file_characters': {'value': 3000, 'is_valid': True}, 'language': {'value': 'en-US', 'is_valid': True}, 'test_collection_of_int': {'value': [['1'], ['2'], ['4']], 'is_valid': False}, 'test_collection_of_string': {'value': ['3', '3', '5'], 'is_valid': True}, 'test_collection_of_bool': {'value': '[true,false,true]', 'is_valid': False}}",False
670551754ba5c8428b7b2fb2,2024-10-08 15:36:19.419,2024-10-08 15:36:19.419,0,2024-10-08 15:36:19.419,2024-10-08 15:36:20.882,1463,GCP,3,1,TestFunction,3,1728401779420,670551754ba5c8428b7b2fb5,us-east4,567,2024-10-08 15:36:20.788,2024-10-08 15:36:20.221,"{'input_file_size': {'value': 3000, 'is_valid': True}, 'input_file_characters': {'value': 3000, 'is_valid': True}, 'language': {'value': 'en-US', 'is_valid': True}, 'test_collection_of_int': {'value': [['1'], ['2'], ['4']], 'is_valid': False}, 'test_collection_of_string': {'value': ['3', '3', '5'], 'is_valid': True}, 'test_collection_of_bool': {'value': '[true,false,true]', 'is_valid': False}}",False
67055177e0224768b68f4dca,2024-10-08 15:36:21.994,2024-10-08 15:36:21.994,0,2024-10-08 15:36:21.994,2024-10-08 15:36:23.523,1529,GCP,1,1,TestFunction,1,1728401781995,67055177e0224768b68f4dcb,us-west1,676,2024-10-08 15:36:23.435,2024-10-08 15:36:22.759,"{'input_file_size': {'value': 3000, 'is_valid': True}, 'input_file_characters': {'value': 3000, 'is_valid': True}, 'language': {'value': 'en-US', 'is_valid': True}, 'test_collection_of_int': {'value': ['1', '2', '4'], 'is_valid': False}, 'test_collection_of_string': {'value': ['3', '3', '5'], 'is_valid': True}, 'test_collection_of_bool': {'value': ['true', 'false', 'true'], 'is_valid': False}}",False
6705517adb5e2c1df2237af5,2024-10-08 15:36:24.837,2024-10-08 15:36:24.837,0,2024-10-08 15:36:24.837,2024-10-08 15:36:26.332,1495,GCP,1,2,TestFunction,1,1728401784840,6705517adb5e2c1df2237af6,us-west1,588,2024-10-08 15:36:26.236,2024-10-08 15:36:25.648,"{'input_file_size': {'value': 3000, 'is_valid': True}, 'input_file_characters': {'value': 3000, 'is_valid': True}, 'language': {'value': 'en-US', 'is_valid': True}, 'test_collection_of_int': {'value': ['1', '2', '4'], 'is_valid': False}, 'test_collection_of_string': {'value': ['3', '3', '5'], 'is_valid': True}, 'test_collection_of_bool': {'value': ['true', 'false', 'true'], 'is_valid': False}}",False
6705517de2fdd56eae48fcc0,2024-10-08 15:36:27.555,2024-10-08 15:36:27.555,0,2024-10-08 15:36:27.555,2024-10-08 15:36:29.121,1566,GCP,1,3,TestFunction,1,1728401787557,6705517de2fdd56eae48fcc1,us-west1,729,2024-10-08 15:36:29.020,2024-10-08 15:36:28.291,"{'input_file_size': {'value': 3000, 'is_valid': True}, 'input_file_characters': {'value': 3000, 'is_valid': True}, 'language': {'value': 'en-US', 'is_valid': True}, 'test_collection_of_int': {'value': ['1', '2', '4'], 'is_valid': False}, 'test_collection_of_string': {'value': ['3', '3', '5'], 'is_valid': True}, 'test_collection_of_bool': {'value': ['true', 'false', 'true'], 'is_valid': False}}",False
6705518064071720ce9358b6,2024-10-08 15:36:30.442,2024-10-08 15:36:30.442,0,2024-10-08 15:36:30.442,2024-10-08 15:36:31.931,1489,GCP,1,4,TestFunction,1,1728401790444,6705518064071720ce9358b7,us-west1,660,2024-10-08 15:36:31.844,2024-10-08 15:36:31.184,"{'input_file_size': {'value': 3000, 'is_valid': True}, 'input_file_characters': {'value': 3000, 'is_valid': True}, 'language': {'value': 'en-US', 'is_valid': True}, 'test_collection_of_int': {'value': ['1', '2', '4'], 'is_valid': False}, 'test_collection_of_string': {'value': ['3', '3', '5'], 'is_valid': True}, 'test_collection_of_bool': {'value': ['true', 'false', 'true'], 'is_valid': False}}",False
6705522e0ef8266e9142690b,2024-10-08 15:39:23.220,2024-10-08 15:39:23.220,0,2024-10-08 15:39:23.220,2024-10-08 15:39:26.162,2942,GCP,3,1,TestFunction,3,1728401963221,6705522e0ef8266e9142690c,us-east4,1096,2024-10-08 15:39:25.250,2024-10-08 15:39:24.154,"{'input_file_size': {'value': 3000, 'is_valid': True}, 'input_file_characters': {'value': 3000, 'is_valid': True}, 'language': {'value': 'en-US', 'is_valid': True}, 'test_collection_of_int': {'value': ""[['1'],['2'],['4']]"", 'is_valid': False}, 'test_collection_of_string': {'value': ['3', '3', '5'], 'is_valid': True}, 'test_collection_of_bool': {'value': '[true,false,true]', 'is_valid': False}}",False
6705522e0ef8266e9142690b,2024-10-08 15:39:23.220,2024-10-08 15:39:23.220,0,2024-10-08 15:39:23.220,2024-10-08 15:39:26.162,2942,GCP,3,1,TestFunction,3,1728401963221,6705522e0ef8266e9142690d,us-east4,1909,2024-10-08 15:39:26.061,2024-10-08 15:39:24.152,"{'input_file_size': {'value': 3000, 'is_valid': True}, 'input_file_characters': {'value': 3000, 'is_valid': True}, 'language': {'value': 'en-US', 'is_valid': True}, 'test_collection_of_int': {'value': ""[['1'],['2'],['4']]"", 'is_valid': False}, 'test_collection_of_string': {'value': ['3', '3', '5'], 'is_valid': True}, 'test_collection_of_bool': {'value': '[true,false,true]', 'is_valid': False}}",False
6705522e0ef8266e9142690b,2024-10-08 15:39:23.220,2024-10-08 15:39:23.220,0,2024-10-08 15:39:23.220,2024-10-08 15:39:26.162,2942,GCP,3,1,TestFunction,3,1728401963221,6705522e0ef8266e9142690e,us-east4,1917,2024-10-08 15:39:26.069,2024-10-08 15:39:24.152,"{'input_file_size': {'value': 3000, 'is_valid': True}, 'input_file_characters': {'value': 3000, 'is_valid': True}, 'language': {'value': 'en-US', 'is_valid': True}, 'test_collection_of_int': {'value': ""[['1'],['2'],['4']]"", 'is_valid': False}, 'test_collection_of_string': {'value': ['3', '3', '5'], 'is_valid': True}, 'test_collection_of_bool': {'value': '[true,false,true]', 'is_valid': False}}",False
6705523103edc8358abebab0,2024-10-08 15:39:27.332,2024-10-08 15:39:27.332,0,2024-10-08 15:39:27.332,2024-10-08 15:39:28.964,1632,GCP,1,1,TestFunction,1,1728401967334,6705523103edc8358abebab1,us-west1,665,2024-10-08 15:39:28.799,2024-10-08 15:39:28.134,"{'input_file_size': {'value': 3000, 'is_valid': True}, 'input_file_characters': {'value': 3000, 'is_valid': True}, 'language': {'value': 'en-US', 'is_valid': True}, 'test_collection_of_int': {'value': ['1', '2', '4'], 'is_valid': False}, 'test_collection_of_string': {'value': ['3', '3', '5'], 'is_valid': True}, 'test_collection_of_bool': {'value': ['true', 'false', 'true'], 'is_valid': False}}",False
67055234832c4959f2356836,2024-10-08 15:39:30.257,2024-10-08 15:39:30.257,0,2024-10-08 15:39:30.257,2024-10-08 15:39:31.847,1590,GCP,1,2,TestFunction,1,1728401970258,67055234832c4959f2356837,us-west1,733,2024-10-08 15:39:31.754,2024-10-08 15:39:31.021,"{'input_file_size': {'value': 3000, 'is_valid': True}, 'input_file_characters': {'value': 3000, 'is_valid': True}, 'language': {'value': 'en-US', 'is_valid': True}, 'test_collection_of_int': {'value': ['1', '2', '4'], 'is_valid': False}, 'test_collection_of_string': {'value': ['3', '3', '5'], 'is_valid': True}, 'test_collection_of_bool': {'value': ['true', 'false', 'true'], 'is_valid': False}}",False
670552374e0b1d3b6991f775,2024-10-08 15:39:32.998,2024-10-08 15:39:32.998,0,2024-10-08 15:39:32.998,2024-10-08 15:39:35.228,2230,GCP,1,3,TestFunction,1,1728401973000,670552374e0b1d3b6991f776,us-west1,1237,2024-10-08 15:39:35.147,2024-10-08 15:39:33.910,"{'input_file_size': {'value': 3000, 'is_valid': True}, 'input_file_characters': {'value': 3000, 'is_valid': True}, 'language': {'value': 'en-US', 'is_valid': True}, 'test_collection_of_int': {'value': ['1', '2', '4'], 'is_valid': False}, 'test_collection_of_string': {'value': ['3', '3', '5'], 'is_valid': True}, 'test_collection_of_bool': {'value': ['true', 'false', 'true'], 'is_valid': False}}",False
6705523a0e432a6312a61d74,2024-10-08 15:39:36.275,2024-10-08 15:39:36.275,0,2024-10-08 15:39:36.275,2024-10-08 15:39:38.470,2195,GCP,1,4,TestFunction,1,1728401976277,6705523a0e432a6312a61d75,us-west1,1278,2024-10-08 15:39:38.383,2024-10-08 15:39:37.105,"{'input_file_size': {'value': 3000, 'is_valid': True}, 'input_file_characters': {'value': 3000, 'is_valid': True}, 'language': {'value': 'en-US', 'is_valid': True}, 'test_collection_of_int': {'value': ['1', '2', '4'], 'is_valid': False}, 'test_collection_of_string': {'value': ['3', '3', '5'], 'is_valid': True}, 'test_collection_of_bool': {'value': ['true', 'false', 'true'], 'is_valid': False}}",False
6705530785fae60c1fde2bbe,2024-10-08 15:43:01.959,2024-10-08 15:43:01.959,0,2024-10-08 15:43:01.959,2024-10-08 15:43:03.662,1703,GCP,1,1,TestFunction,1,1728402181961,6705530785fae60c1fde2bbf,us-west1,834,2024-10-08 15:43:03.584,2024-10-08 15:43:02.750,"{'input_file_size': {'value': 3000, 'is_valid': True}, 'input_file_characters': {'value': 3000, 'is_valid': True}, 'language': {'value': 'en-US', 'is_valid': True}, 'test_collection_of_int': {'value': ['1', '2', '4'], 'is_valid': False}, 'test_collection_of_string': {'value': ['3', '3', '5'], 'is_valid': True}, 'test_collection_of_bool': {'value': ['true', 'false', 'true'], 'is_valid': False}}",False
6705530ad89f184c914a1b47,2024-10-08 15:43:05.112,2024-10-08 15:43:05.112,0,2024-10-08 15:43:05.112,2024-10-08 15:43:06.572,1460,GCP,1,2,TestFunction,1,1728402185114,6705530ad89f184c914a1b48,us-west1,591,2024-10-08 15:43:06.490,2024-10-08 15:43:05.899,"{'input_file_size': {'value': 3000, 'is_valid': True}, 'input_file_characters': {'value': 3000, 'is_valid': True}, 'language': {'value': 'en-US', 'is_valid': True}, 'test_collection_of_int': {'value': ['1', '2', '4'], 'is_valid': False}, 'test_collection_of_string': {'value': ['3', '3', '5'], 'is_valid': True}, 'test_collection_of_bool': {'value': ['true', 'false', 'true'], 'is_valid': False}}",False
6705530d0f0d867f82b46c95,2024-10-08 15:43:07.621,2024-10-08 15:43:07.621,0,2024-10-08 15:43:07.621,2024-10-08 15:43:09.182,1561,GCP,1,3,TestFunction,1,1728402187623,6705530d0f0d867f82b46c96,us-west1,620,2024-10-08 15:43:09.092,2024-10-08 15:43:08.472,"{'input_file_size': {'value': 3000, 'is_valid': True}, 'input_file_characters': {'value': 3000, 'is_valid': True}, 'language': {'value': 'en-US', 'is_valid': True}, 'test_collection_of_int': {'value': ['1', '2', '4'], 'is_valid': False}, 'test_collection_of_string': {'value': ['3', '3', '5'], 'is_valid': True}, 'test_collection_of_bool': {'value': ['true', 'false', 'true'], 'is_valid': False}}",False
670553101e39ad4b379c03ec,2024-10-08 15:43:10.214,2024-10-08 15:43:10.214,0,2024-10-08 15:43:10.214,2024-10-08 15:43:11.920,1706,GCP,1,4,TestFunction,1,1728402190216,670553101e39ad4b379c03ed,us-west1,722,2024-10-08 15:43:11.836,2024-10-08 15:43:11.114,"{'input_file_size': {'value': 3000, 'is_valid': True}, 'input_file_characters': {'value': 3000, 'is_valid': True}, 'language': {'value': 'en-US', 'is_valid': True}, 'test_collection_of_int': {'value': ['1', '2', '4'], 'is_valid': False}, 'test_collection_of_string': {'value': ['3', '3', '5'], 'is_valid': True}, 'test_collection_of_bool': {'value': ['true', 'false', 'true'], 'is_valid': False}}",False
67055370ed2f7d495ca67600,2024-10-08 15:44:46.685,2024-10-08 15:44:46.685,0,2024-10-08 15:44:46.685,2024-10-08 15:44:48.303,1618,GCP,3,1,TestFunction,3,1728402286686,67055370ed2f7d495ca67601,us-east4,765,2024-10-08 15:44:48.193,2024-10-08 15:44:47.428,"{'input_file_size': {'value': 3, 'is_valid': True}, 'input_file_characters': {'value': 3000, 'is_valid': True}, 'language': {'value': 'en-US', 'is_valid': True}, 'test_collection_of_int': {'value': '[[1.5],[2.1],[4.0]]', 'is_valid': False}, 'test_collection_of_string': {'value': ['3', '3', '5'], 'is_valid': True}, 'test_collection_of_bool': {'value': '[true,false,true]', 'is_valid': False}}",False
67055370ed2f7d495ca67600,2024-10-08 15:44:46.685,2024-10-08 15:44:46.685,0,2024-10-08 15:44:46.685,2024-10-08 15:44:48.303,1618,GCP,3,1,TestFunction,3,1728402286686,67055370ed2f7d495ca67602,us-east4,766,2024-10-08 15:44:48.194,2024-10-08 15:44:47.428,"{'input_file_size': {'value': 3, 'is_valid': True}, 'input_file_characters': {'value': 3000, 'is_valid': True}, 'language': {'value': 'en-US', 'is_valid': True}, 'test_collection_of_int': {'value': '[[1.5],[2.1],[4.0]]', 'is_valid': False}, 'test_collection_of_string': {'value': ['3', '3', '5'], 'is_valid': True}, 'test_collection_of_bool': {'value': '[true,false,true]', 'is_valid': False}}",False
67055370ed2f7d495ca67600,2024-10-08 15:44:46.685,2024-10-08 15:44:46.685,0,2024-10-08 15:44:46.685,2024-10-08 15:44:48.303,1618,GCP,3,1,TestFunction,3,1728402286686,67055370ed2f7d495ca67603,us-east4,766,2024-10-08 15:44:48.194,2024-10-08 15:44:47.428,"{'input_file_size': {'value': 3, 'is_valid': True}, 'input_file_characters': {'value': 3000, 'is_valid': True}, 'language': {'value': 'en-US', 'is_valid': True}, 'test_collection_of_int': {'value': '[[1.5],[2.1],[4.0]]', 'is_valid': False}, 'test_collection_of_string': {'value': ['3', '3', '5'], 'is_valid': True}, 'test_collection_of_bool': {'value': '[true,false,true]', 'is_valid': False}}",False
67055373b16671626afbac1e,2024-10-08 15:44:49.733,2024-10-08 15:44:49.733,0,2024-10-08 15:44:49.733,2024-10-08 15:44:51.271,1538,GCP,1,1,TestFunction,1,1728402289735,67055373b16671626afbac1f,us-west1,691,2024-10-08 15:44:51.170,2024-10-08 15:44:50.479,"{'input_file_size': {'value': 3000, 'is_valid': True}, 'input_file_characters': {'value': 3000, 'is_valid': True}, 'language': {'value': 'en-US', 'is_valid': True}, 'test_collection_of_int': {'value': ['1', '2', '4'], 'is_valid': False}, 'test_collection_of_string': {'value': ['3', '3', '5'], 'is_valid': True}, 'test_collection_of_bool': {'value': ['true', 'false', 'true'], 'is_valid': False}}",False
67055376d6593541cff2bdca,2024-10-08 15:44:52.559,2024-10-08 15:44:52.559,0,2024-10-08 15:44:52.559,2024-10-08 15:44:54.138,1579,GCP,1,2,TestFunction,1,1728402292561,67055376d6593541cff2bdcb,us-west1,691,2024-10-08 15:44:54.052,2024-10-08 15:44:53.361,"{'input_file_size': {'value': 3000, 'is_valid': True}, 'input_file_characters': {'value': 3000, 'is_valid': True}, 'language': {'value': 'en-US', 'is_valid': True}, 'test_collection_of_int': {'value': ['1', '2', '4'], 'is_valid': False}, 'test_collection_of_string': {'value': ['3', '3', '5'], 'is_valid': True}, 'test_collection_of_bool': {'value': ['true', 'false', 'true'], 'is_valid': False}}",False
67055378aa8d562c76195b00,2024-10-08 15:44:55.100,2024-10-08 15:44:55.100,0,2024-10-08 15:44:55.100,2024-10-08 15:44:56.715,1615,GCP,1,3,TestFunction,1,1728402295102,67055378aa8d562c76195b01,us-west1,795,2024-10-08 15:44:56.631,2024-10-08 15:44:55.836,"{'input_file_size': {'value': 3000, 'is_valid': True}, 'input_file_characters': {'value': 3000, 'is_valid': True}, 'language': {'value': 'en-US', 'is_valid': True}, 'test_collection_of_int': {'value': ['1', '2', '4'], 'is_valid': False}, 'test_collection_of_string': {'value': ['3', '3', '5'], 'is_valid': True}, 'test_collection_of_bool': {'value': ['true', 'false', 'true'], 'is_valid': False}}",False
6705537c3031b642df1fd9d0,2024-10-08 15:44:57.848,2024-10-08 15:44:57.848,0,2024-10-08 15:44:57.848,2024-10-08 15:44:59.948,2100,GCP,1,4,TestFunction,1,1728402297850,6705537c3031b642df1fd9d1,us-west1,839,2024-10-08 15:44:59.818,2024-10-08 15:44:58.979,"{'input_file_size': {'value': 3000, 'is_valid': True}, 'input_file_characters': {'value': 3000, 'is_valid': True}, 'language': {'value': 'en-US', 'is_valid': True}, 'test_collection_of_int': {'value': ['1', '2', '4'], 'is_valid': False}, 'test_collection_of_string': {'value': ['3', '3', '5'], 'is_valid': True}, 'test_collection_of_bool': {'value': ['true', 'false', 'true'], 'is_valid': False}}",False
670559f83f6c4049d81bdb33,2024-10-08 16:12:36.871,2024-10-08 16:12:36.871,0,2024-10-08 16:12:36.871,2024-10-08 16:12:39.726,2855,GCP,1,1,TestFunction,1,1728403956873,670559f83f6c4049d81bdb34,us-east4,1810,2024-10-08 16:12:39.616,2024-10-08 16:12:37.806,"{'input_file_size': {'value': 3000, 'is_valid': True}, 'input_file_characters': {'value': 3000, 'is_valid': True}, 'language': {'value': 'en-US', 'is_valid': True}, 'test_collection_of_int': {'value': '[1, 2, 4]', 'is_valid': False}, 'test_collection_of_string': {'value': ""['3', '3', '5']"", 'is_valid': False}, 'test_collection_of_bool': {'value': '[True, False, True]', 'is_valid': False}}",False
670559fb2e02b479a2f93912,2024-10-08 16:12:40.840,2024-10-08 16:12:40.840,0,2024-10-08 16:12:40.840,2024-10-08 16:12:43.384,2544,GCP,1,1,TestFunction,1,1728403960842,670559fb2e02b479a2f93913,us-west1,1739,2024-10-08 16:12:43.299,2024-10-08 16:12:41.560,"{'input_file_size': {'value': 3000, 'is_valid': True}, 'input_file_characters': {'value': 3000, 'is_valid': True}, 'language': {'value': 'en-US', 'is_valid': True}, 'test_collection_of_int': {'value': '[1, 2, 4]', 'is_valid': False}, 'test_collection_of_string': {'value': ""['3', '3', '5']"", 'is_valid': False}, 'test_collection_of_bool': {'value': '[True, False, True]', 'is_valid': False}}",False
670559fe0ec22333b543da14,2024-10-08 16:12:44.562,2024-10-08 16:12:44.562,0,2024-10-08 16:12:44.562,2024-10-08 16:12:46.027,1465,GCP,1,2,TestFunction,1,1728403964564,670559fe0ec22333b543da15,us-west1,600,2024-10-08 16:12:45.931,2024-10-08 16:12:45.331,"{'input_file_size': {'value': 3000, 'is_valid': True}, 'input_file_characters': {'value': 3000, 'is_valid': True}, 'language': {'value': 'en-US', 'is_valid': True}, 'test_collection_of_int': {'value': '[1, 2, 4]', 'is_valid': False}, 'test_collection_of_string': {'value': ""['3', '3', '5']"", 'is_valid': False}, 'test_collection_of_bool': {'value': '[True, False, True]', 'is_valid': False}}",False
67055a000aeef3148f1febf2,2024-10-08 16:12:47.083,2024-10-08 16:12:47.083,0,2024-10-08 16:12:47.083,2024-10-08 16:12:48.647,1564,GCP,1,3,TestFunction,1,1728403967085,67055a000aeef3148f1febf3,us-west1,705,2024-10-08 16:12:48.541,2024-10-08 16:12:47.836,"{'input_file_size': {'value': 3000, 'is_valid': True}, 'input_file_characters': {'value': 3000, 'is_valid': True}, 'language': {'value': 'en-US', 'is_valid': True}, 'test_collection_of_int': {'value': '[1, 2, 4]', 'is_valid': False}, 'test_collection_of_string': {'value': ""['3', '3', '5']"", 'is_valid': False}, 'test_collection_of_bool': {'value': '[True, False, True]', 'is_valid': False}}",False
67055a03b39fc65f9c98bd3d,2024-10-08 16:12:49.883,2024-10-08 16:12:49.883,0,2024-10-08 16:12:49.883,2024-10-08 16:12:51.316,1433,GCP,1,4,TestFunction,1,1728403969884,67055a03b39fc65f9c98bd3e,us-west1,602,2024-10-08 16:12:51.221,2024-10-08 16:12:50.619,"{'input_file_size': {'value': 3000, 'is_valid': True}, 'input_file_characters': {'value': 3000, 'is_valid': True}, 'language': {'value': 'en-US', 'is_valid': True}, 'test_collection_of_int': {'value': '[1, 2, 4]', 'is_valid': False}, 'test_collection_of_string': {'value': ""['3', '3', '5']"", 'is_valid': False}, 'test_collection_of_bool': {'value': '[True, False, True]', 'is_valid': False}}",False
67055c7f1f50a66a4a66df4f,2024-10-08 16:23:24.310,2024-10-08 16:23:24.310,0,2024-10-08 16:23:24.310,2024-10-08 16:23:27.391,3081,GCP,1,1,TestFunction,1,1728404604312,67055c7f1f50a66a4a66df50,us-west1,1982,2024-10-08 16:23:27.251,2024-10-08 16:23:25.269,"{'input_file_size': {'value': 3000, 'is_valid': True}, 'input_file_characters': {'value': 3000, 'is_valid': True}, 'language': {'value': 'en-US', 'is_valid': True}, 'test_collection_of_int': {'value': '[1, 2, 4]', 'is_valid': False}, 'test_collection_of_string': {'value': ""['3', '3', '5']"", 'is_valid': False}, 'test_collection_of_bool': {'value': '[True, False, True]', 'is_valid': False}}",False
67055c82e9781a332f0e5ca7,2024-10-08 16:23:28.395,2024-10-08 16:23:28.395,0,2024-10-08 16:23:28.395,2024-10-08 16:23:30.047,1652,GCP,1,2,TestFunction,1,1728404608397,67055c82e9781a332f0e5ca8,us-west1,721,2024-10-08 16:23:29.957,2024-10-08 16:23:29.236,"{'input_file_size': {'value': 3000, 'is_valid': True}, 'input_file_characters': {'value': 3000, 'is_valid': True}, 'language': {'value': 'en-US', 'is_valid': True}, 'test_collection_of_int': {'value': '[1, 2, 4]', 'is_valid': False}, 'test_collection_of_string': {'value': ""['3', '3', '5']"", 'is_valid': False}, 'test_collection_of_bool': {'value': '[True, False, True]', 'is_valid': False}}",False
67055c84b3fe66620000ef69,2024-10-08 16:23:31.083,2024-10-08 16:23:31.083,0,2024-10-08 16:23:31.083,2024-10-08 16:23:32.536,1453,GCP,1,3,TestFunction,1,1728404611084,67055c84b3fe66620000ef6a,us-west1,618,2024-10-08 16:23:32.437,2024-10-08 16:23:31.819,"{'input_file_size': {'value': 3000, 'is_valid': True}, 'input_file_characters': {'value': 3000, 'is_valid': True}, 'language': {'value': 'en-US', 'is_valid': True}, 'test_collection_of_int': {'value': '[1, 2, 4]', 'is_valid': False}, 'test_collection_of_string': {'value': ""['3', '3', '5']"", 'is_valid': False}, 'test_collection_of_bool': {'value': '[True, False, True]', 'is_valid': False}}",False
67055c87a552b60e67429718,2024-10-08 16:23:33.693,2024-10-08 16:23:33.693,0,2024-10-08 16:23:33.693,2024-10-08 16:23:35.328,1635,GCP,1,4,TestFunction,1,1728404613695,67055c87a552b60e67429719,us-west1,671,2024-10-08 16:23:35.219,2024-10-08 16:23:34.548,"{'input_file_size': {'value': 3000, 'is_valid': True}, 'input_file_characters': {'value': 3000, 'is_valid': True}, 'language': {'value': 'en-US', 'is_valid': True}, 'test_collection_of_int': {'value': '[1, 2, 4]', 'is_valid': False}, 'test_collection_of_string': {'value': ""['3', '3', '5']"", 'is_valid': False}, 'test_collection_of_bool': {'value': '[True, False, True]', 'is_valid': False}}",False
67055d52384c3b4aecc96652,2024-10-08 16:26:55.585,2024-10-08 16:26:55.585,0,2024-10-08 16:26:55.585,2024-10-08 16:26:58.403,2818,GCP,1,1,TestFunction,1,1728404815587,67055d52384c3b4aecc96653,us-east4,1879,2024-10-08 16:26:58.313,2024-10-08 16:26:56.434,"{'input_file_size': {'value': 3000, 'is_valid': True}, 'input_file_characters': {'value': 3000, 'is_valid': True}, 'language': {'value': 'en-US', 'is_valid': True}, 'test_collection_of_int': {'value': [1.0, 2.0, 4.0], 'is_valid': False}, 'test_collection_of_string': {'value': ""[3', '3', '5']"", 'is_valid': False}, 'test_collection_of_bool': {'value': '[True, False, True]', 'is_valid': False}}",False
67055d55df96071d6a3c68c7,2024-10-08 16:26:59.690,2024-10-08 16:26:59.690,0,2024-10-08 16:26:59.690,2024-10-08 16:27:01.274,1584,GCP,1,1,TestFunction,1,1728404819691,67055d55df96071d6a3c68c8,us-west1,745,2024-10-08 16:27:01.183,2024-10-08 16:27:00.438,"{'input_file_size': {'value': 3000, 'is_valid': True}, 'input_file_characters': {'value': 3000, 'is_valid': True}, 'language': {'value': 'en-US', 'is_valid': True}, 'test_collection_of_int': {'value': '[1, 2, 4]', 'is_valid': False}, 'test_collection_of_string': {'value': ""['3', '3', '5']"", 'is_valid': False}, 'test_collection_of_bool': {'value': '[True, False, True]', 'is_valid': False}}",False
67055d583ff7b525ae1b32a9,2024-10-08 16:27:02.372,2024-10-08 16:27:02.372,0,2024-10-08 16:27:02.372,2024-10-08 16:27:03.957,1585,GCP,1,2,TestFunction,1,1728404822373,67055d583ff7b525ae1b32aa,us-west1,638,2024-10-08 16:27:03.855,2024-10-08 16:27:03.217,"{'input_file_size': {'value': 3000, 'is_valid': True}, 'input_file_characters': {'value': 3000, 'is_valid': True}, 'language': {'value': 'en-US', 'is_valid': True}, 'test_collection_of_int': {'value': '[1, 2, 4]', 'is_valid': False}, 'test_collection_of_string': {'value': ""['3', '3', '5']"", 'is_valid': False}, 'test_collection_of_bool': {'value': '[True, False, True]', 'is_valid': False}}",False
67055d5bcbabfc06f734cf0f,2024-10-08 16:27:05.508,2024-10-08 16:27:05.508,0,2024-10-08 16:27:05.508,2024-10-08 16:27:07.134,1626,GCP,1,3,TestFunction,1,1728404825509,67055d5bcbabfc06f734cf10,us-west1,616,2024-10-08 16:27:07.042,2024-10-08 16:27:06.426,"{'input_file_size': {'value': 3000, 'is_valid': True}, 'input_file_characters': {'value': 3000, 'is_valid': True}, 'language': {'value': 'en-US', 'is_valid': True}, 'test_collection_of_int': {'value': '[1, 2, 4]', 'is_valid': False}, 'test_collection_of_string': {'value': ""['3', '3', '5']"", 'is_valid': False}, 'test_collection_of_bool': {'value': '[True, False, True]', 'is_valid': False}}",False
67055d5e39d5ee3d438ccc21,2024-10-08 16:27:08.455,2024-10-08 16:27:08.455,0,2024-10-08 16:27:08.455,2024-10-08 16:27:10.147,1692,GCP,1,4,TestFunction,1,1728404828456,67055d5e39d5ee3d438ccc22,us-west1,719,2024-10-08 16:27:10.024,2024-10-08 16:27:09.305,"{'input_file_size': {'value': 3000, 'is_valid': True}, 'input_file_characters': {'value': 3000, 'is_valid': True}, 'language': {'value': 'en-US', 'is_valid': True}, 'test_collection_of_int': {'value': '[1, 2, 4]', 'is_valid': False}, 'test_collection_of_string': {'value': ""['3', '3', '5']"", 'is_valid': False}, 'test_collection_of_bool': {'value': '[True, False, True]', 'is_valid': False}}",False
67055f883df2882a6675c0f2,2024-10-08 16:36:21.565,2024-10-08 16:36:21.565,0,2024-10-08 16:36:21.565,2024-10-08 16:36:23.984,2419,GCP,1,1,TestFunction,1,1728405381567,67055f883df2882a6675c0f3,us-east4,1488,2024-10-08 16:36:23.883,2024-10-08 16:36:22.395,"{'input_file_size': {'value': 3000, 'is_valid': True}, 'input_file_characters': {'value': 3000, 'is_valid': True}, 'language': {'value': 'en-US', 'is_valid': True}, 'test_collection_of_int': {'value': '[1, 2, 4]', 'is_valid': False}, 'test_collection_of_string': {'value': ""['3', '3', '5']"", 'is_valid': False}, 'test_collection_of_bool': {'value': '[True, False, True]', 'is_valid': False}}",False
67055f8bebf93e30c14c993d,2024-10-08 16:36:25.270,2024-10-08 16:36:25.270,0,2024-10-08 16:36:25.270,2024-10-08 16:36:26.806,1536,GCP,1,1,TestFunction,1,1728405385272,67055f8bebf93e30c14c993e,us-west1,675,2024-10-08 16:36:26.720,2024-10-08 16:36:26.045,"{'input_file_size': {'value': 3000, 'is_valid': True}, 'input_file_characters': {'value': 3000, 'is_valid': True}, 'language': {'value': 'en-US', 'is_valid': True}, 'test_collection_of_int': {'value': '[1, 2, 4]', 'is_valid': False}, 'test_collection_of_string': {'value': ""['3', '3', '5']"", 'is_valid': False}, 'test_collection_of_bool': {'value': '[True, False, True]', 'is_valid': False}}",False
67055f8d7eb1e00704541535,2024-10-08 16:36:27.887,2024-10-08 16:36:27.887,0,2024-10-08 16:36:27.887,2024-10-08 16:36:29.598,1711,GCP,1,2,TestFunction,1,1728405387889,67055f8d7eb1e00704541536,us-west1,725,2024-10-08 16:36:29.502,2024-10-08 16:36:28.777,"{'input_file_size': {'value': 3000, 'is_valid': True}, 'input_file_characters': {'value': 3000, 'is_valid': True}, 'language': {'value': 'en-US', 'is_valid': True}, 'test_collection_of_int': {'value': '[1, 2, 4]', 'is_valid': False}, 'test_collection_of_string': {'value': ""['3', '3', '5']"", 'is_valid': False}, 'test_collection_of_bool': {'value': '[True, False, True]', 'is_valid': False}}",False
67055f9040d9235c6a09a93b,2024-10-08 16:36:30.643,2024-10-08 16:36:30.643,0,2024-10-08 16:36:30.643,2024-10-08 16:36:32.299,1656,GCP,1,3,TestFunction,1,1728405390644,67055f9040d9235c6a09a93c,us-west1,771,2024-10-08 16:36:32.197,2024-10-08 16:36:31.426,"{'input_file_size': {'value': 3000, 'is_valid': True}, 'input_file_characters': {'value': 3000, 'is_valid': True}, 'language': {'value': 'en-US', 'is_valid': True}, 'test_collection_of_int': {'value': '[1, 2, 4]', 'is_valid': False}, 'test_collection_of_string': {'value': ""['3', '3', '5']"", 'is_valid': False}, 'test_collection_of_bool': {'value': '[True, False, True]', 'is_valid': False}}",False
67055f958dbc1730dba2da28,2024-10-08 16:36:33.302,2024-10-08 16:36:33.302,0,2024-10-08 16:36:33.302,2024-10-08 16:36:35.131,1829,GCP,1,4,TestFunction,1,1728405393304,67055f958dbc1730dba2da29,us-west1,757,2024-10-08 16:36:34.862,2024-10-08 16:36:34.105,"{'input_file_size': {'value': 3000, 'is_valid': True}, 'input_file_characters': {'value': 3000, 'is_valid': True}, 'language': {'value': 'en-US', 'is_valid': True}, 'test_collection_of_int': {'value': '[1, 2, 4]', 'is_valid': False}, 'test_collection_of_string': {'value': ""['3', '3', '5']"", 'is_valid': False}, 'test_collection_of_bool': {'value': '[True, False, True]', 'is_valid': False}}",False
6705611f60095d3f1ef17c41,2024-10-08 16:43:09.055,2024-10-08 16:43:09.055,0,2024-10-08 16:43:09.055,2024-10-08 16:43:10.979,1924,GCP,1,1,TestFunction,1,1728405789057,6705611f60095d3f1ef17c42,us-east4,916,2024-10-08 16:43:10.859,2024-10-08 16:43:09.943,"{'input_file_size': {'value': 3000, 'is_valid': True}, 'input_file_characters': {'value': 3000, 'is_valid': True}, 'language': {'value': 'en-US', 'is_valid': True}, 'test_collection_of_int': {'value': '[1, 2, 4]', 'is_valid': False}, 'test_collection_of_string': {'value': ""['3', '3', '5']"", 'is_valid': False}, 'test_collection_of_bool': {'value': '[True, False, True]', 'is_valid': False}}",False
670561223b369d58ee0cb102,2024-10-08 16:43:12.391,2024-10-08 16:43:12.391,0,2024-10-08 16:43:12.391,2024-10-08 16:43:14.020,1629,GCP,1,1,TestFunction,1,1728405792394,670561223b369d58ee0cb103,us-west1,770,2024-10-08 16:43:13.934,2024-10-08 16:43:13.164,"{'input_file_size': {'value': 3000, 'is_valid': True}, 'input_file_characters': {'value': 3000, 'is_valid': True}, 'language': {'value': 'en-US', 'is_valid': True}, 'test_collection_of_int': {'value': '[1, 2, 4]', 'is_valid': False}, 'test_collection_of_string': {'value': ""['3', '3', '5']"", 'is_valid': False}, 'test_collection_of_bool': {'value': '[True, False, True]', 'is_valid': False}}",False
67056124bd2d092401180ce3,2024-10-08 16:43:15.089,2024-10-08 16:43:15.089,0,2024-10-08 16:43:15.089,2024-10-08 16:43:16.618,1529,GCP,1,2,TestFunction,1,1728405795091,67056124bd2d092401180ce4,us-west1,702,2024-10-08 16:43:16.530,2024-10-08 16:43:15.828,"{'input_file_size': {'value': 3000, 'is_valid': True}, 'input_file_characters': {'value': 3000, 'is_valid': True}, 'language': {'value': 'en-US', 'is_valid': True}, 'test_collection_of_int': {'value': '[1, 2, 4]', 'is_valid': False}, 'test_collection_of_string': {'value': ""['3', '3', '5']"", 'is_valid': False}, 'test_collection_of_bool': {'value': '[True, False, True]', 'is_valid': False}}",False
67056127651a666392c4813a,2024-10-08 16:43:17.961,2024-10-08 16:43:17.961,0,2024-10-08 16:43:17.961,2024-10-08 16:43:19.508,1547,GCP,1,3,TestFunction,1,1728405797963,67056127651a666392c4813b,us-west1,701,2024-10-08 16:43:19.422,2024-10-08 16:43:18.721,"{'input_file_size': {'value': 3000, 'is_valid': True}, 'input_file_characters': {'value': 3000, 'is_valid': True}, 'language': {'value': 'en-US', 'is_valid': True}, 'test_collection_of_int': {'value': '[1, 2, 4]', 'is_valid': False}, 'test_collection_of_string': {'value': ""['3', '3', '5']"", 'is_valid': False}, 'test_collection_of_bool': {'value': '[True, False, True]', 'is_valid': False}}",False
6705612a4b0bd02910ee300a,2024-10-08 16:43:20.571,2024-10-08 16:43:20.571,0,2024-10-08 16:43:20.571,2024-10-08 16:43:22.205,1634,GCP,1,4,TestFunction,1,1728405800573,6705612a4b0bd02910ee300b,us-west1,673,2024-10-08 16:43:22.118,2024-10-08 16:43:21.445,"{'input_file_size': {'value': 3000, 'is_valid': True}, 'input_file_characters': {'value': 3000, 'is_valid': True}, 'language': {'value': 'en-US', 'is_valid': True}, 'test_collection_of_int': {'value': '[1, 2, 4]', 'is_valid': False}, 'test_collection_of_string': {'value': ""['3', '3', '5']"", 'is_valid': False}, 'test_collection_of_bool': {'value': '[True, False, True]', 'is_valid': False}}",False
670563ceb16b0d003915b32a,2024-10-08 16:54:35.532,2024-10-08 16:54:35.532,0,2024-10-08 16:54:35.532,2024-10-08 16:54:38.421,2889,GCP,1,1,TestFunction,1,1728406475534,670563ceb16b0d003915b32b,us-east4,1776,2024-10-08 16:54:38.198,2024-10-08 16:54:36.422,"{'input_file_size': {'value': 3000, 'is_valid': True}, 'input_file_characters': {'value': 3000, 'is_valid': True}, 'language': {'value': '""en-US""', 'is_valid': True}, 'test_collection_of_int': {'value': '[1,2,4]', 'is_valid': False}, 'test_collection_of_string': {'value': '[""3"",""3"",""5""]', 'is_valid': False}, 'test_collection_of_bool': {'value': '[true,false,true]', 'is_valid': False}}",False
670563d28dbb2d32acdc0e33,2024-10-08 16:54:39.893,2024-10-08 16:54:39.893,0,2024-10-08 16:54:39.893,2024-10-08 16:54:42.632,2739,GCP,1,1,TestFunction,1,1728406479894,670563d28dbb2d32acdc0e34,us-west1,1841,2024-10-08 16:54:42.523,2024-10-08 16:54:40.682,"{'input_file_size': {'value': 3000, 'is_valid': True}, 'input_file_characters': {'value': 3000, 'is_valid': True}, 'language': {'value': '""en-US""', 'is_valid': True}, 'test_collection_of_int': {'value': '[1,2,4]', 'is_valid': False}, 'test_collection_of_string': {'value': '[""3"",""3"",""5""]', 'is_valid': False}, 'test_collection_of_bool': {'value': '[true,false,true]', 'is_valid': False}}",False
670563d50b86df7cc8a30dfa,2024-10-08 16:54:43.925,2024-10-08 16:54:43.925,0,2024-10-08 16:54:43.925,2024-10-08 16:54:45.540,1615,GCP,1,2,TestFunction,1,1728406483927,670563d50b86df7cc8a30dfb,us-west1,720,2024-10-08 16:54:45.433,2024-10-08 16:54:44.713,"{'input_file_size': {'value': 3000, 'is_valid': True}, 'input_file_characters': {'value': 3000, 'is_valid': True}, 'language': {'value': '""en-US""', 'is_valid': True}, 'test_collection_of_int': {'value': '[1,2,4]', 'is_valid': False}, 'test_collection_of_string': {'value': '[""3"",""3"",""5""]', 'is_valid': False}, 'test_collection_of_bool': {'value': '[true,false,true]', 'is_valid': False}}",False
670563d8a16e832a7752337e,2024-10-08 16:54:46.723,2024-10-08 16:54:46.723,0,2024-10-08 16:54:46.723,2024-10-08 16:54:48.397,1674,GCP,1,3,TestFunction,1,1728406486725,670563d8a16e832a7752337f,us-west1,705,2024-10-08 16:54:48.298,2024-10-08 16:54:47.593,"{'input_file_size': {'value': 3000, 'is_valid': True}, 'input_file_characters': {'value': 3000, 'is_valid': True}, 'language': {'value': '""en-US""', 'is_valid': True}, 'test_collection_of_int': {'value': '[1,2,4]', 'is_valid': False}, 'test_collection_of_string': {'value': '[""3"",""3"",""5""]', 'is_valid': False}, 'test_collection_of_bool': {'value': '[true,false,true]', 'is_valid': False}}",False
670563dbf5678048538a0748,2024-10-08 16:54:49.442,2024-10-08 16:54:49.442,0,2024-10-08 16:54:49.442,2024-10-08 16:54:51.037,1595,GCP,1,4,TestFunction,1,1728406489444,670563dbf5678048538a0749,us-west1,611,2024-10-08 16:54:50.940,2024-10-08 16:54:50.329,"{'input_file_size': {'value': 3000, 'is_valid': True}, 'input_file_characters': {'value': 3000, 'is_valid': True}, 'language': {'value': '""en-US""', 'is_valid': True}, 'test_collection_of_int': {'value': '[1,2,4]', 'is_valid': False}, 'test_collection_of_string': {'value': '[""3"",""3"",""5""]', 'is_valid': False}, 'test_collection_of_bool': {'value': '[true,false,true]', 'is_valid': False}}",False
670565c1fafc6e0cba4df0b2,2024-10-08 17:02:55.083,2024-10-08 17:02:55.083,0,2024-10-08 17:02:55.083,2024-10-08 17:02:57.672,2589,GCP,1,1,TestFunction,1,1728406975085,670565c1fafc6e0cba4df0b3,us-east4,1486,2024-10-08 17:02:57.453,2024-10-08 17:02:55.967,"{'input_file_size': {'value': 3000, 'is_valid': True}, 'input_file_characters': {'value': 3000, 'is_valid': True}, 'language': {'value': '""en-US""', 'is_valid': True}, 'test_collection_of_int': {'value': '[1,2,4]', 'is_valid': False}, 'test_collection_of_string': {'value': '[""3"",""3"",""5""]', 'is_valid': False}, 'test_collection_of_bool': {'value': '[true,false,true]', 'is_valid': False}}",False
670565c4cffa9d25b609a494,2024-10-08 17:02:58.980,2024-10-08 17:02:58.980,0,2024-10-08 17:02:58.980,2024-10-08 17:03:00.420,1440,GCP,1,1,TestFunction,1,1728406978982,670565c4cffa9d25b609a495,us-west1,623,2024-10-08 17:03:00.314,2024-10-08 17:02:59.691,"{'input_file_size': {'value': 3000, 'is_valid': True}, 'input_file_characters': {'value': 3000, 'is_valid': True}, 'language': {'value': '""en-US""', 'is_valid': True}, 'test_collection_of_int': {'value': '[1,2,4]', 'is_valid': False}, 'test_collection_of_string': {'value': '[""3"",""3"",""5""]', 'is_valid': False}, 'test_collection_of_bool': {'value': '[true,false,true]', 'is_valid': False}}",False
670565c70f19e40885a9ec24,2024-10-08 17:03:01.613,2024-10-08 17:03:01.613,0,2024-10-08 17:03:01.613,2024-10-08 17:03:03.108,1495,GCP,1,2,TestFunction,1,1728406981615,670565c70f19e40885a9ec25,us-west1,601,2024-10-08 17:03:03.020,2024-10-08 17:03:02.419,"{'input_file_size': {'value': 3000, 'is_valid': True}, 'input_file_characters': {'value': 3000, 'is_valid': True}, 'language': {'value': '""en-US""', 'is_valid': True}, 'test_collection_of_int': {'value': '[1,2,4]', 'is_valid': False}, 'test_collection_of_string': {'value': '[""3"",""3"",""5""]', 'is_valid': False}, 'test_collection_of_bool': {'value': '[true,false,true]', 'is_valid': False}}",False
670565ca78d4ef229581832f,2024-10-08 17:03:04.369,2024-10-08 17:03:04.369,0,2024-10-08 17:03:04.369,2024-10-08 17:03:05.849,1480,GCP,1,3,TestFunction,1,1728406984371,670565ca78d4ef2295818330,us-west1,605,2024-10-08 17:03:05.753,2024-10-08 17:03:05.148,"{'input_file_size': {'value': 3000, 'is_valid': True}, 'input_file_characters': {'value': 3000, 'is_valid': True}, 'language': {'value': '""en-US""', 'is_valid': True}, 'test_collection_of_int': {'value': '[1,2,4]', 'is_valid': False}, 'test_collection_of_string': {'value': '[""3"",""3"",""5""]', 'is_valid': False}, 'test_collection_of_bool': {'value': '[true,false,true]', 'is_valid': False}}",False
670565cd9601793c72fa7df5,2024-10-08 17:03:07.547,2024-10-08 17:03:07.547,0,2024-10-08 17:03:07.547,2024-10-08 17:03:09.383,1836,GCP,1,4,TestFunction,1,1728406987549,670565cd9601793c72fa7df6,us-west1,711,2024-10-08 17:03:09.262,2024-10-08 17:03:08.551,"{'input_file_size': {'value': 3000, 'is_valid': True}, 'input_file_characters': {'value': 3000, 'is_valid': True}, 'language': {'value': '""en-US""', 'is_valid': True}, 'test_collection_of_int': {'value': '[1,2,4]', 'is_valid': False}, 'test_collection_of_string': {'value': '[""3"",""3"",""5""]', 'is_valid': False}, 'test_collection_of_bool': {'value': '[true,false,true]', 'is_valid': False}}",False
67056949007f7b7a30855a01,2024-10-08 17:17:58.042,2024-10-08 17:17:58.042,0,2024-10-08 17:17:58.042,2024-10-08 17:18:00.732,2690,GCP,1,1,TestFunction,1,1728407878045,67056949007f7b7a30855a02,us-east4,1582,2024-10-08 17:18:00.607,2024-10-08 17:17:59.025,"{'input_file_size': {'value': 3000, 'is_valid': True}, 'input_file_characters': {'value': 3000, 'is_valid': True}, 'language': {'value': '""en-US""', 'is_valid': True}, 'test_collection_of_int': {'value': '[1,2,4]', 'is_valid': False}, 'test_collection_of_string': {'value': '[""3"",""3"",""5""]', 'is_valid': False}, 'test_collection_of_bool': {'value': '[true,false,true]', 'is_valid': False}}",False
67056950cf9b132f5a109ab4,2024-10-08 17:18:02.077,2024-10-08 17:18:02.077,0,2024-10-08 17:18:02.077,2024-10-08 17:18:07.943,5866,GCP,1,1,TestFunction,1,1728407882079,67056950cf9b132f5a109ab5,us-west1,2707,2024-10-08 17:18:07.756,2024-10-08 17:18:05.049,"{'input_file_size': {'value': 3000, 'is_valid': True}, 'input_file_characters': {'value': 3000, 'is_valid': True}, 'language': {'value': '""en-US""', 'is_valid': True}, 'test_collection_of_int': {'value': '[1,2,4]', 'is_valid': False}, 'test_collection_of_string': {'value': '[""3"",""3"",""5""]', 'is_valid': False}, 'test_collection_of_bool': {'value': '[true,false,true]', 'is_valid': False}}",False
670569535f37343e284a3a11,2024-10-08 17:18:09.111,2024-10-08 17:18:09.111,0,2024-10-08 17:18:09.111,2024-10-08 17:18:10.897,1786,GCP,1,2,TestFunction,1,1728407889113,670569535f37343e284a3a12,us-west1,737,2024-10-08 17:18:10.805,2024-10-08 17:18:10.068,"{'input_file_size': {'value': 3000, 'is_valid': True}, 'input_file_characters': {'value': 3000, 'is_valid': True}, 'language': {'value': '""en-US""', 'is_valid': True}, 'test_collection_of_int': {'value': '[1,2,4]', 'is_valid': False}, 'test_collection_of_string': {'value': '[""3"",""3"",""5""]', 'is_valid': False}, 'test_collection_of_bool': {'value': '[true,false,true]', 'is_valid': False}}",False
67056956fb758f5f11ac4925,2024-10-08 17:18:12.144,2024-10-08 17:18:12.144,0,2024-10-08 17:18:12.144,2024-10-08 17:18:14.593,2449,GCP,1,3,TestFunction,1,1728407892146,67056956fb758f5f11ac4926,us-west1,889,2024-10-08 17:18:14.479,2024-10-08 17:18:13.590,"{'input_file_size': {'value': 3000, 'is_valid': True}, 'input_file_characters': {'value': 3000, 'is_valid': True}, 'language': {'value': '""en-US""', 'is_valid': True}, 'test_collection_of_int': {'value': '[1,2,4]', 'is_valid': False}, 'test_collection_of_string': {'value': '[""3"",""3"",""5""]', 'is_valid': False}, 'test_collection_of_bool': {'value': '[true,false,true]', 'is_valid': False}}",False
670569599eca0122d8d16e9e,2024-10-08 17:18:15.784,2024-10-08 17:18:15.784,0,2024-10-08 17:18:15.784,2024-10-08 17:18:17.677,1893,GCP,1,4,TestFunction,1,1728407895786,670569599eca0122d8d16e9f,us-west1,901,2024-10-08 17:18:17.591,2024-10-08 17:18:16.690,"{'input_file_size': {'value': 3000, 'is_valid': True}, 'input_file_characters': {'value': 3000, 'is_valid': True}, 'language': {'value': '""en-US""', 'is_valid': True}, 'test_collection_of_int': {'value': '[1,2,4]', 'is_valid': False}, 'test_collection_of_string': {'value': '[""3"",""3"",""5""]', 'is_valid': False}, 'test_collection_of_bool': {'value': '[true,false,true]', 'is_valid': False}}",False
670573b4f921127faf281928,2024-10-08 18:02:25.670,2024-10-08 18:02:25.670,0,2024-10-08 18:02:25.670,2024-10-08 18:02:28.685,3015,GCP,1,1,TestFunction,1,1728410545673,670573b4f921127faf281929,us-east4,1825,2024-10-08 18:02:28.549,2024-10-08 18:02:26.724,"{'input_file_size': {'value': 3000, 'is_valid': True}, 'input_file_characters': {'value': 3000, 'is_valid': True}, 'language': {'value': 'en-US', 'is_valid': True}, 'test_collection_of_int': {'value': [1.0, 2.0, 4.0], 'is_valid': False}, 'test_collection_of_string': {'value': ['3', '3', '5'], 'is_valid': True}, 'test_collection_of_bool': {'value': [True, False, True], 'is_valid': True}}",False
670573b8692d644a99cfd77d,2024-10-08 18:02:29.997,2024-10-08 18:02:29.997,0,2024-10-08 18:02:29.997,2024-10-08 18:02:32.741,2744,GCP,1,1,TestFunction,1,1728410549999,670573b8692d644a99cfd77e,us-west1,1815,2024-10-08 18:02:32.655,2024-10-08 18:02:30.840,"{'input_file_size': {'value': 3000, 'is_valid': True}, 'input_file_characters': {'value': 3000, 'is_valid': True}, 'language': {'value': 'en-US', 'is_valid': True}, 'test_collection_of_int': {'value': [1.0, 2.0, 4.0], 'is_valid': False}, 'test_collection_of_string': {'value': ['3', '3', '5'], 'is_valid': True}, 'test_collection_of_bool': {'value': [True, False, True], 'is_valid': True}}",False
670573bb63c65b79c2948a7b,2024-10-08 18:02:33.887,2024-10-08 18:02:33.887,0,2024-10-08 18:02:33.887,2024-10-08 18:02:35.493,1606,GCP,1,2,TestFunction,1,1728410553889,670573bb63c65b79c2948a7c,us-west1,703,2024-10-08 18:02:35.392,2024-10-08 18:02:34.689,"{'input_file_size': {'value': 3000, 'is_valid': True}, 'input_file_characters': {'value': 3000, 'is_valid': True}, 'language': {'value': 'en-US', 'is_valid': True}, 'test_collection_of_int': {'value': [1.0, 2.0, 4.0], 'is_valid': False}, 'test_collection_of_string': {'value': ['3', '3', '5'], 'is_valid': True}, 'test_collection_of_bool': {'value': [True, False, True], 'is_valid': True}}",False
670573be82b869212389101d,2024-10-08 18:02:36.585,2024-10-08 18:02:36.585,0,2024-10-08 18:02:36.585,2024-10-08 18:02:38.287,1702,GCP,1,3,TestFunction,1,1728410556587,670573be82b869212389101e,us-west1,796,2024-10-08 18:02:38.201,2024-10-08 18:02:37.405,"{'input_file_size': {'value': 3000, 'is_valid': True}, 'input_file_characters': {'value': 3000, 'is_valid': True}, 'language': {'value': 'en-US', 'is_valid': True}, 'test_collection_of_int': {'value': [1.0, 2.0, 4.0], 'is_valid': False}, 'test_collection_of_string': {'value': ['3', '3', '5'], 'is_valid': True}, 'test_collection_of_bool': {'value': [True, False, True], 'is_valid': True}}",False
670573c119e57e10f0af867d,2024-10-08 18:02:39.283,2024-10-08 18:02:39.283,0,2024-10-08 18:02:39.283,2024-10-08 18:02:41.034,1751,GCP,1,4,TestFunction,1,1728410559285,670573c119e57e10f0af867e,us-west1,786,2024-10-08 18:02:40.931,2024-10-08 18:02:40.145,"{'input_file_size': {'value': 3000, 'is_valid': True}, 'input_file_characters': {'value': 3000, 'is_valid': True}, 'language': {'value': 'en-US', 'is_valid': True}, 'test_collection_of_int': {'value': [1.0, 2.0, 4.0], 'is_valid': False}, 'test_collection_of_string': {'value': ['3', '3', '5'], 'is_valid': True}, 'test_collection_of_bool': {'value': [True, False, True], 'is_valid': True}}",False
6705789cd385e964bb5d4767,2024-10-08 18:23:12.662,2024-10-08 18:23:12.662,0,2024-10-08 18:23:12.662,2024-10-08 18:23:24.249,11587,GCP,1,1,TestFunction,1,1728411792665,6705789cd385e964bb5d4768,us-east4,4941,2024-10-08 18:23:23.881,2024-10-08 18:23:18.940,"{'input_file_size': {'value': 3000, 'is_valid': True}, 'input_file_characters': {'value': 3000, 'is_valid': True}, 'language': {'value': 'en-US', 'is_valid': True}, 'test_collection_of_int': {'value': [1.0, 2.0, 4.0], 'is_valid': False}, 'test_collection_of_string': {'value': ['3', '3', '5'], 'is_valid': True}, 'test_collection_of_bool': {'value': [True, False, True], 'is_valid': True}}",False
670578a2fc111365fa54dea0,2024-10-08 18:23:27.070,2024-10-08 18:23:27.070,0,2024-10-08 18:23:27.070,2024-10-08 18:23:30.553,3483,GCP,1,1,TestFunction,1,1728411807071,670578a2fc111365fa54dea1,us-west1,2198,2024-10-08 18:23:30.463,2024-10-08 18:23:28.265,"{'input_file_size': {'value': 3000, 'is_valid': True}, 'input_file_characters': {'value': 3000, 'is_valid': True}, 'language': {'value': 'en-US', 'is_valid': True}, 'test_collection_of_int': {'value': [1.0, 2.0, 4.0], 'is_valid': False}, 'test_collection_of_string': {'value': ['3', '3', '5'], 'is_valid': True}, 'test_collection_of_bool': {'value': [True, False, True], 'is_valid': True}}",False
670578a68667b328615d7c64,2024-10-08 18:23:32.276,2024-10-08 18:23:32.276,0,2024-10-08 18:23:32.276,2024-10-08 18:23:34.348,2072,GCP,1,2,TestFunction,1,1728411812279,670578a68667b328615d7c65,us-west1,839,2024-10-08 18:23:34.191,2024-10-08 18:23:33.352,"{'input_file_size': {'value': 3000, 'is_valid': True}, 'input_file_characters': {'value': 3000, 'is_valid': True}, 'language': {'value': 'en-US', 'is_valid': True}, 'test_collection_of_int': {'value': [1.0, 2.0, 4.0], 'is_valid': False}, 'test_collection_of_string': {'value': ['3', '3', '5'], 'is_valid': True}, 'test_collection_of_bool': {'value': [True, False, True], 'is_valid': True}}",False
670578a94df66475cb418ed7,2024-10-08 18:23:35.624,2024-10-08 18:23:35.624,0,2024-10-08 18:23:35.624,2024-10-08 18:23:37.499,1875,GCP,1,3,TestFunction,1,1728411815626,670578a94df66475cb418ed8,us-west1,839,2024-10-08 18:23:37.393,2024-10-08 18:23:36.554,"{'input_file_size': {'value': 3000, 'is_valid': True}, 'input_file_characters': {'value': 3000, 'is_valid': True}, 'language': {'value': 'en-US', 'is_valid': True}, 'test_collection_of_int': {'value': [1.0, 2.0, 4.0], 'is_valid': False}, 'test_collection_of_string': {'value': ['3', '3', '5'], 'is_valid': True}, 'test_collection_of_bool': {'value': [True, False, True], 'is_valid': True}}",False
670578ac1a5e4a0964b064d7,2024-10-08 18:23:38.801,2024-10-08 18:23:38.801,0,2024-10-08 18:23:38.801,2024-10-08 18:23:40.362,1561,GCP,1,4,TestFunction,1,1728411818803,670578ac1a5e4a0964b064d8,us-west1,655,2024-10-08 18:23:40.270,2024-10-08 18:23:39.615,"{'input_file_size': {'value': 3000, 'is_valid': True}, 'input_file_characters': {'value': 3000, 'is_valid': True}, 'language': {'value': 'en-US', 'is_valid': True}, 'test_collection_of_int': {'value': [1.0, 2.0, 4.0], 'is_valid': False}, 'test_collection_of_string': {'value': ['3', '3', '5'], 'is_valid': True}, 'test_collection_of_bool': {'value': [True, False, True], 'is_valid': True}}",False
